date,tool_calls_total,mcp_requests,total_requests,sessions_total
2026-06-04,29,7940,26566
2026-06-05,74,9087,30003
2026-06-06,123,10335,33671
2026-06-07,123,10837,35983
2026-06-08,138,11538,37913
2026-06-09,205,13053,41779
2026-06-10,240,15176,46883
2026-06-11,269,18696,53283
2026-06-12,293,22224,59669
2026-06-13,368,28429,68660
2026-06-14,390,30388,73557
2026-06-15,418,32495,78404
2026-06-16,471,35392,84195
2026-06-17,520,39523,91213
2026-06-18,586,43170,97859
2026-06-19,648,45913,103582
2026-06-20,726,49067,109596
2026-06-21,812,51353,114815,821
2026-06-22,951,54079,120528,1258
2026-06-23,992,55116,124314,1461
2026-06-24,1001,55812,127835,1609
2026-06-25,1616,57564,132489,1835
2026-06-26,2706,60758,138613,2201
2026-06-27,2799,63035,143809,2562
2026-06-28,2894,65044,148773,2865
2026-06-29,3073,67042,153947,3175
2026-06-30,3386,69500,159418,3530
2026-07-01,3506,71744,164672,3906
2026-07-02,3592,74777,170726,4399
2026-07-03,3656,78215,178398,5039
2026-07-04,3740,80376,183410,5423
2026-07-05,3808,82312,188316,5760
2026-07-07,4563,88877,200647,6742
2026-07-08,4805,91435,206114,7171
2026-07-09,5410,94452,212321,7626
2026-07-10,5703,97744,218773,8125
2026-07-11,5783,100103,224127,8526
2026-07-12,5889,104322,234922,9386
2026-07-13,6377,108373,244973,10155
2026-07-14,6430,110458,249843,10542
2026-07-15,6474,113298,257196,11129
2026-07-16,7782,118816,267626,12114
2026-07-17,8165,123205,275277,13234
2026-07-18,8282,126686,400816,13787
